patient_id,risk_tier,primary_site,encounter_count,total_cost_usd
P00057,HIGH,Telehealth,4,28045.74
P00234,HIGH,Telehealth,4,26843.96
P00325,HIGH,Telehealth,3,24252.4
P00001,HIGH,South Clinic,4,22494.82
P00237,HIGH,Telehealth,4,22348.58
P00291,HIGH,Telehealth,4,22014.47
P00016,HIGH,Telehealth,4,21748.97
P00370,HIGH,North Clinic,4,21421.46
P00163,HIGH,South Clinic,4,21143.24
P00187,HIGH,South Clinic,4,20906.05
P00101,HIGH,North Clinic,4,20840.48
P00301,HIGH,Telehealth,4,20676.69
P00222,HIGH,South Clinic,4,20486.769999999997
P00088,HIGH,South Clinic,4,20439.85
P00092,HIGH,South Clinic,3,20215.04
P00007,HIGH,North Clinic,4,19713.23
P00341,HIGH,North Clinic,3,19653.8
P00308,HIGH,South Clinic,4,19298.28
P00349,HIGH,North Clinic,3,19132.9
P00195,HIGH,Telehealth,4,19114.91
P00263,HIGH,Telehealth,3,18862.83
P00211,HIGH,North Clinic,4,18808.4
P00126,HIGH,North Clinic,4,18743.66
P00164,HIGH,South Clinic,4,18667.95
P00036,HIGH,Telehealth,4,18627.86
