asset_id,asset_type,site,status
A0001,MRI,North Clinic,ACTIVE
A0002,VENTILATOR,South Clinic,MAINTENANCE
A0003,INFUSION_PUMP,North Clinic,ACTIVE
A0004,CT,North Clinic,ACTIVE
A0005,MRI,North Clinic,ACTIVE
A0006,INFUSION_PUMP,North Clinic,ACTIVE
A0007,CT,South Clinic,ACTIVE
A0008,INFUSION_PUMP,South Clinic,MAINTENANCE
A0009,VENTILATOR,South Clinic,ACTIVE
A0010,CT,South Clinic,ACTIVE
A0011,MRI,North Clinic,MAINTENANCE
A0012,INFUSION_PUMP,North Clinic,ACTIVE
A0013,VENTILATOR,South Clinic,ACTIVE
A0014,CT,South Clinic,MAINTENANCE
A0015,CT,North Clinic,ACTIVE
A0016,INFUSION_PUMP,South Clinic,RETIRED
A0017,VENTILATOR,North Clinic,MAINTENANCE
A0018,CT,South Clinic,MAINTENANCE
A0019,CT,South Clinic,ACTIVE
A0020,MRI,North Clinic,ACTIVE
A0021,MRI,North Clinic,ACTIVE
A0022,INFUSION_PUMP,North Clinic,MAINTENANCE
A0023,VENTILATOR,North Clinic,ACTIVE
A0024,CT,North Clinic,ACTIVE
A0025,CT,North Clinic,ACTIVE
A0026,CT,North Clinic,ACTIVE
A0027,CT,North Clinic,ACTIVE
A0028,VENTILATOR,North Clinic,ACTIVE
A0029,VENTILATOR,South Clinic,ACTIVE
A0030,CT,South Clinic,ACTIVE
A0031,CT,North Clinic,ACTIVE
A0032,MRI,North Clinic,ACTIVE
A0033,MRI,North Clinic,ACTIVE
A0034,INFUSION_PUMP,North Clinic,ACTIVE
A0035,MRI,North Clinic,MAINTENANCE
A0036,INFUSION_PUMP,South Clinic,ACTIVE
A0037,INFUSION_PUMP,North Clinic,ACTIVE
A0038,MRI,North Clinic,ACTIVE
A0039,CT,North Clinic,RETIRED
A0040,CT,South Clinic,ACTIVE
A0041,MRI,South Clinic,ACTIVE
A0042,INFUSION_PUMP,South Clinic,ACTIVE
A0043,VENTILATOR,South Clinic,ACTIVE
A0044,CT,South Clinic,ACTIVE
A0045,INFUSION_PUMP,South Clinic,MAINTENANCE
A0046,VENTILATOR,North Clinic,MAINTENANCE
A0047,VENTILATOR,North Clinic,ACTIVE
A0048,VENTILATOR,South Clinic,MAINTENANCE
A0049,CT,North Clinic,ACTIVE
A0050,INFUSION_PUMP,North Clinic,ACTIVE
