encounter_id,patient_id,encounter_date,department,cost_usd
E396490,P00001,2024-07-30,LAB,1419.99
E364577,P00001,2024-06-01,IP,8210.28
E182398,P00001,2024-05-08,OP,6854.73
E190993,P00001,2024-04-20,OP,6009.82
E820715,P00002,2024-06-24,LAB,3752.66
E955505,P00002,2024-04-10,IP,5919.98
E312060,P00002,2024-07-29,OP,5731.73
E401568,P00002,2024-05-15,ED,4743.25
E792253,P00003,2024-03-24,ED,6219.32
E818816,P00003,2024-03-03,OP,4047.45
E962514,P00003,2024-05-25,IP,6157.33
E570968,P00004,2024-08-15,OP,830.27
E956529,P00004,2024-06-10,IP,7931.11
E602297,P00004,2024-06-22,ED,3914.63
E667964,P00005,2024-03-13,OP,741.47
E633904,P00006,2024-04-28,ED,1758.7
E356029,P00006,2024-08-06,OP,3926.96
E278057,P00006,2024-07-29,LAB,6047.3
E197782,P00006,2024-06-08,IP,4023.54
E843068,P00007,2024-06-20,ED,5802.41
E837024,P00007,2024-06-26,OP,3523.36
E190555,P00007,2024-06-09,IP,6357.17
E456474,P00007,2024-08-14,IP,4030.29
E779910,P00008,2024-08-06,OP,2952.71
E844136,P00009,2024-07-23,IP,7198.83
E806715,P00010,2024-08-21,IP,6094.03
E130950,P00011,2024-07-05,IP,7329.6
E357584,P00011,2024-06-13,IP,5690.51
E602042,P00011,2024-07-15,OP,5010.55
E441258,P00011,2024-05-15,ED,2572.34
E672785,P00012,2024-04-22,ED,8492.11
E559167,P00013,2024-05-03,IP,3234.24
E502640,P00013,2024-04-14,OP,8063.39
E900164,P00014,2024-08-01,IP,2356.63
E385573,P00014,2024-08-07,IP,5864.83
E217600,P00015,2024-03-14,ED,2742.65
E879901,P00015,2024-06-06,IP,1779.42
E478217,P00016,2024-04-20,LAB,7055.11
E243273,P00016,2024-05-25,LAB,3958.6
E791118,P00016,2024-07-27,IP,4694.55
E371412,P00016,2024-04-06,OP,6040.71
E821979,P00017,2024-07-17,OP,6261.08
E151037,P00017,2024-06-16,LAB,3850.72
E156208,P00018,2024-03-26,OP,2182.85
E679020,P00019,2024-05-08,IP,5459.43
E901334,P00019,2024-04-16,IP,4516.77
E896628,P00020,2024-06-22,ED,8181.99
E282850,P00020,2024-05-02,IP,2684.45
E330680,P00021,2024-05-11,ED,3664.09
E794651,P00022,2024-05-09,OP,1758.9
E243750,P00022,2024-03-25,ED,6557.98
E389284,P00022,2024-05-08,IP,7856.28
E353360,P00022,2024-06-27,OP,6553.25
E455987,P00023,2024-07-14,ED,2273.73
E409453,P00023,2024-08-10,IP,4219.89
E162324,P00023,2024-03-26,IP,5481.72
E547186,P00024,2024-03-25,LAB,1575.79
E224233,P00024,2024-08-17,IP,8179.12
E123212,P00025,2024-03-03,ED,1503.1
E526912,P00026,2024-07-31,ED,3959.49
E246411,P00026,2024-03-30,ED,6760.65
E342675,P00026,2024-05-31,ED,5291.54
E232429,P00026,2024-05-13,LAB,6965.16
E704176,P00027,2024-03-29,OP,7607.45
E931428,P00027,2024-06-14,OP,534.37
E696977,P00028,2024-08-24,OP,6591.09
E292448,P00029,2024-03-19,LAB,7546.33
E229609,P00029,2024-03-21,IP,391.88
E383681,P00029,2024-08-01,LAB,7788.49
E943966,P00029,2024-08-26,IP,5700.96
E812111,P00030,2024-07-01,IP,8101.3
E613133,P00030,2024-08-09,OP,2933.38
E443411,P00030,2024-06-01,IP,6188.18
E334581,P00031,2024-07-03,OP,7255.41
E956436,P00032,2024-07-14,ED,769.43
E403015,P00032,2024-05-15,ED,1664.2
E373525,P00033,2024-08-23,IP,7896.61
E112485,P00033,2024-04-20,IP,5822.27
E440497,P00034,2024-08-01,ED,147.46
E462927,P00034,2024-03-17,LAB,2177.09
E169586,P00034,2024-03-26,ED,5871.43
E819541,P00034,2024-07-21,ED,2362.34
E945296,P00035,2024-07-14,IP,6006.16
E480812,P00035,2024-03-24,IP,1105.4
E833531,P00035,2024-08-12,OP,415.12
E614652,P00035,2024-06-08,ED,827.26
E275680,P00036,2024-04-19,OP,5215.86
E788222,P00036,2024-08-11,IP,5390.21
E430852,P00036,2024-05-21,OP,2574.84
E876119,P00036,2024-07-08,LAB,5446.95
E766385,P00037,2024-03-31,IP,6194.84
E728582,P00038,2024-03-26,IP,341.67
E966621,P00039,2024-06-09,OP,1835.71
E915111,P00039,2024-07-10,IP,4052.61
E147495,P00040,2024-08-02,IP,2533.5
E503264,P00040,2024-06-17,IP,765.4
E297554,P00041,2024-06-17,IP,1569.48
E735806,P00041,2024-03-12,LAB,1916.64
E519209,P00041,2024-05-04,OP,7850.78
E659080,P00041,2024-04-19,ED,4366.36
E573320,P00042,2024-03-14,IP,7534.45
E212386,P00042,2024-07-27,IP,6862.63
E413481,P00042,2024-03-12,LAB,7371.31
E955777,P00043,2024-08-04,ED,4492.01
E105150,P00043,2024-04-12,IP,6489.15
E781285,P00043,2024-03-14,IP,6929.95
E486123,P00044,2024-05-24,LAB,8236.52
E507834,P00044,2024-08-23,IP,469.63
E452980,P00045,2024-03-03,ED,806.25
E163193,P00045,2024-06-11,ED,4975.44
E958217,P00045,2024-06-03,OP,2832.01
E717163,P00046,2024-07-14,LAB,6847.28
E630355,P00046,2024-08-22,OP,1780.45
E513120,P00046,2024-06-13,LAB,1510.54
E580835,P00047,2024-06-20,LAB,1252.03
E835263,P00047,2024-07-27,OP,6268.3
E462715,P00048,2024-05-14,IP,3239.71
E727322,P00048,2024-06-06,IP,4805.89
E232088,P00049,2024-03-20,LAB,7861.94
E836096,P00049,2024-06-18,ED,2210.97
E749343,P00049,2024-04-01,OP,7748.14
E733515,P00050,2024-03-08,OP,1733.1
E399177,P00050,2024-05-28,IP,7842.93
E948081,P00050,2024-03-13,LAB,4201.31
E254151,P00050,2024-08-23,OP,6367.3
E493916,P00051,2024-07-04,ED,3083.27
E629713,P00051,2024-08-24,LAB,1094.97
E496428,P00052,2024-07-24,IP,6668.1
E379833,P00052,2024-04-15,ED,7421.24
E592115,P00052,2024-03-30,IP,5665.51
E510175,P00052,2024-04-13,OP,1506.03
E225206,P00053,2024-04-05,IP,559.04
E871796,P00053,2024-04-08,LAB,4015.0
E303450,P00054,2024-05-04,IP,2473.76
E443474,P00055,2024-03-07,IP,6448.41
E397998,P00055,2024-07-18,IP,3510.12
E484735,P00055,2024-07-14,LAB,7554.1
E582850,P00056,2024-08-13,IP,6287.38
E379476,P00056,2024-05-29,IP,1289.21
E494092,P00057,2024-04-24,OP,7960.25
E713601,P00057,2024-03-27,IP,4104.39
E741125,P00057,2024-08-01,ED,8270.87
E276829,P00057,2024-07-04,ED,7710.23
E982378,P00058,2024-03-19,OP,2898.4
E142350,P00059,2024-08-16,LAB,7814.58
E415448,P00060,2024-06-19,LAB,4884.8
E931776,P00061,2024-05-22,LAB,6297.77
E861934,P00062,2024-07-01,OP,1432.89
E997503,P00062,2024-08-13,LAB,3564.96
E698759,P00062,2024-07-19,OP,8432.94
E538838,P00063,2024-04-17,ED,8020.49
E507643,P00063,2024-05-29,LAB,3244.68
E460086,P00063,2024-08-17,OP,3260.54
E465301,P00063,2024-04-09,LAB,4068.76
E503378,P00064,2024-04-08,IP,3746.9
E762960,P00064,2024-03-26,ED,6438.46
E139340,P00065,2024-06-10,IP,6843.57
E556466,P00066,2024-04-11,OP,2448.87
E310395,P00066,2024-05-17,IP,6494.59
E719402,P00066,2024-05-07,IP,5452.21
E804608,P00067,2024-04-03,IP,5961.98
E195778,P00067,2024-03-29,LAB,2603.54
E672436,P00068,2024-06-27,ED,3508.19
E924121,P00068,2024-06-13,LAB,3038.04
E872854,P00069,2024-06-18,LAB,1412.12
E630907,P00069,2024-04-11,OP,790.65
E972751,P00070,2024-04-25,ED,2244.73
E797928,P00070,2024-04-06,ED,2521.67
E992348,P00070,2024-05-21,OP,8421.51
E955060,P00071,2024-07-21,ED,4487.52
E893792,P00071,2024-06-17,IP,2934.92
E629763,P00072,2024-04-29,LAB,415.28
E103855,P00072,2024-07-08,OP,755.93
E770905,P00072,2024-04-06,LAB,710.55
E557022,P00073,2024-03-06,ED,3767.05
E934227,P00073,2024-08-11,ED,6056.83
E108500,P00074,2024-06-16,ED,8171.08
E687996,P00074,2024-08-09,ED,901.04
E672332,P00074,2024-08-05,IP,354.07
E854463,P00074,2024-04-09,LAB,1177.25
E710696,P00075,2024-06-22,ED,1425.29
E744466,P00076,2024-08-10,IP,2910.51
E263285,P00077,2024-03-16,OP,5788.04
E816336,P00077,2024-03-21,OP,5298.11
E190342,P00078,2024-08-25,IP,5010.92
E957007,P00079,2024-07-12,LAB,5489.29
E644884,P00079,2024-06-02,ED,7584.2
E113618,P00079,2024-04-25,ED,1201.7
E723763,P00080,2024-07-24,LAB,6711.29
E337704,P00080,2024-05-21,OP,415.83
E302427,P00081,2024-08-01,IP,2165.86
E928651,P00082,2024-08-03,LAB,2729.06
E462277,P00082,2024-05-04,OP,188.45
E746344,P00082,2024-05-19,LAB,6090.39
E279599,P00082,2024-07-04,OP,7400.99
E906982,P00083,2024-08-26,IP,2469.62
E881347,P00083,2024-08-17,IP,928.8
E553597,P00083,2024-04-05,ED,8419.77
E736368,P00083,2024-06-13,OP,4404.32
E202943,P00084,2024-05-30,OP,8091.73
E425208,P00085,2024-08-18,ED,1391.42
E212470,P00085,2024-04-27,IP,7109.14
E661376,P00086,2024-08-21,OP,4947.37
E206126,P00086,2024-04-07,IP,237.5
E835988,P00086,2024-05-17,OP,1748.57
E379058,P00086,2024-05-24,IP,4637.12
E326308,P00087,2024-03-11,IP,5653.04
E485901,P00087,2024-04-29,ED,2237.24
E754896,P00087,2024-03-04,LAB,3316.78
E586060,P00087,2024-08-06,OP,2599.11
E691125,P00088,2024-08-14,ED,7717.74
E320107,P00088,2024-08-20,LAB,4019.97
E543693,P00088,2024-06-27,LAB,2548.84
E621621,P00088,2024-07-23,OP,6153.3
E671522,P00089,2024-04-30,OP,7878.78
E642340,P00089,2024-06-15,ED,6884.79
E587660,P00090,2024-05-28,IP,3055.31
E848058,P00090,2024-03-13,OP,5341.89
E332540,P00090,2024-03-13,ED,5729.63
E966027,P00091,2024-05-18,LAB,7571.84
E825948,P00092,2024-07-24,ED,8249.91
E489385,P00092,2024-04-06,OP,7476.58
E882143,P00092,2024-03-12,OP,4488.55
E280382,P00093,2024-03-09,OP,2555.39
E603605,P00093,2024-03-23,IP,6833.81
E215371,P00093,2024-08-10,LAB,1308.86
E111934,P00094,2024-04-18,IP,1246.6
E971307,P00094,2024-04-03,LAB,3658.82
E624993,P00094,2024-03-21,IP,1843.03
E966071,P00094,2024-06-28,IP,3464.85
E948035,P00095,2024-05-23,OP,2184.46
E913981,P00095,2024-05-17,OP,2712.51
E904982,P00096,2024-05-23,IP,4353.26
E379077,P00096,2024-08-05,OP,910.73
E705484,P00096,2024-08-01,ED,8422.34
E126194,P00097,2024-07-05,IP,8155.53
E613076,P00097,2024-03-03,OP,1907.99
E922770,P00098,2024-03-16,OP,5084.63
E192323,P00099,2024-04-27,OP,6915.81
E197784,P00099,2024-06-04,LAB,4830.4
E223967,P00100,2024-04-01,OP,5395.41
E389543,P00100,2024-05-17,LAB,3388.58
E831679,P00101,2024-05-31,OP,4842.56
E202728,P00101,2024-04-08,LAB,6247.94
E845523,P00101,2024-04-16,LAB,6153.05
E992678,P00101,2024-07-17,IP,3596.93
E801392,P00102,2024-06-05,ED,5480.08
E614179,P00102,2024-07-08,LAB,7437.4
E564705,P00102,2024-06-25,IP,4015.8
E942761,P00102,2024-04-21,LAB,2770.34
E815060,P00103,2024-07-04,LAB,7958.85
E468417,P00103,2024-08-12,LAB,371.7
E185122,P00103,2024-08-27,IP,738.89
E644441,P00103,2024-08-12,IP,534.57
E594003,P00104,2024-07-17,ED,3203.34
E374229,P00105,2024-08-07,OP,7011.39
E680053,P00105,2024-08-16,LAB,4894.0
E395971,P00105,2024-05-18,ED,3238.73
E964632,P00106,2024-05-12,ED,7409.16
E687254,P00107,2024-04-23,IP,6640.99
E824566,P00107,2024-04-22,IP,813.52
E905332,P00107,2024-04-16,ED,6405.1
E504260,P00108,2024-04-07,ED,4422.58
E118538,P00108,2024-04-23,OP,6352.32
E594383,P00108,2024-03-21,LAB,614.42
E633118,P00109,2024-04-12,LAB,3973.1
E135973,P00109,2024-07-17,LAB,7440.0
E187534,P00109,2024-04-17,OP,7563.65
E770465,P00109,2024-07-20,ED,600.14
E186096,P00110,2024-07-07,LAB,2347.49
E277282,P00110,2024-08-08,IP,5075.22
E468865,P00110,2024-06-22,ED,226.58
E938297,P00110,2024-05-26,ED,3153.58
E836205,P00111,2024-04-21,OP,4410.48
E913753,P00111,2024-07-15,ED,2548.99
E689552,P00111,2024-07-12,ED,3994.13
E471766,P00111,2024-08-06,LAB,566.56
E270446,P00112,2024-05-19,IP,5000.72
E446150,P00112,2024-05-10,OP,8092.16
E566467,P00112,2024-04-30,IP,5261.25
E898528,P00113,2024-08-07,ED,4066.02
E735528,P00113,2024-07-02,LAB,4186.87
E967169,P00114,2024-06-04,IP,1187.54
E847359,P00115,2024-08-24,IP,7221.18
E190711,P00115,2024-06-18,OP,849.33
E356251,P00116,2024-07-20,IP,8207.97
E159331,P00116,2024-07-21,LAB,2658.88
E239128,P00116,2024-03-24,IP,4141.15
E523995,P00117,2024-03-23,IP,2188.35
E548669,P00117,2024-08-03,IP,5485.22
E644665,P00117,2024-08-12,OP,1469.25
E820836,P00117,2024-06-24,IP,4242.36
E990533,P00118,2024-08-22,ED,4400.23
E436680,P00118,2024-08-12,ED,2313.2
E458963,P00118,2024-08-16,OP,2802.34
E213335,P00118,2024-08-14,ED,1852.21
E761081,P00119,2024-03-16,ED,2576.53
E845444,P00120,2024-08-10,IP,7966.92
E904267,P00120,2024-04-14,IP,125.5
E338622,P00120,2024-05-09,LAB,6520.16
E590318,P00121,2024-03-11,IP,7804.99
E732314,P00121,2024-06-22,LAB,6119.98
E657342,P00121,2024-08-03,LAB,3122.87
E857531,P00121,2024-08-26,ED,6216.15
E223221,P00122,2024-07-01,IP,8464.27
E282029,P00122,2024-06-09,ED,8063.23
E569565,P00122,2024-07-21,IP,8495.23
E920780,P00123,2024-04-14,IP,2862.27
E778981,P00123,2024-03-23,ED,1677.09
E924075,P00123,2024-04-15,ED,7578.84
E115168,P00123,2024-06-16,IP,6263.72
E141285,P00124,2024-03-08,LAB,4308.63
E182669,P00124,2024-05-08,ED,4346.21
E198871,P00124,2024-07-11,LAB,5287.51
E723371,P00125,2024-03-09,OP,7641.01
E312989,P00125,2024-07-27,ED,4588.41
E659002,P00125,2024-03-10,LAB,1557.7
E573572,P00126,2024-05-13,IP,6142.3
E592102,P00126,2024-04-13,LAB,6290.72
E880356,P00126,2024-05-02,LAB,6048.05
E167805,P00126,2024-07-14,LAB,262.59
E797210,P00127,2024-03-21,ED,3974.41
E493736,P00127,2024-06-03,OP,8412.32
E540390,P00128,2024-07-02,OP,6111.87
E453148,P00128,2024-05-26,IP,3581.95
E781809,P00128,2024-05-05,ED,2476.31
E379716,P00129,2024-04-13,LAB,3809.08
E233619,P00129,2024-06-10,IP,7133.57
E863103,P00130,2024-03-22,IP,5308.41
E254075,P00130,2024-08-10,LAB,4768.52
E627420,P00131,2024-05-19,OP,8162.88
E685238,P00131,2024-07-14,ED,8209.93
E699159,P00132,2024-04-15,LAB,5442.32
E438880,P00132,2024-08-04,OP,6053.44
E393614,P00132,2024-04-15,IP,4382.55
E349079,P00132,2024-07-01,OP,632.52
E936320,P00133,2024-07-21,ED,5698.27
E312390,P00134,2024-04-27,ED,822.92
E692355,P00134,2024-04-19,OP,4948.54
E247943,P00134,2024-06-20,ED,2006.83
E502285,P00134,2024-07-25,OP,4009.41
E770841,P00135,2024-05-09,IP,855.67
E588211,P00136,2024-07-09,OP,7844.49
E898978,P00137,2024-03-01,ED,6588.02
E430002,P00137,2024-04-17,OP,3300.06
E727477,P00137,2024-05-09,IP,4211.82
E577477,P00138,2024-06-25,OP,5465.46
E385308,P00138,2024-07-01,LAB,5796.11
E397855,P00139,2024-05-02,OP,3970.89
E646779,P00139,2024-05-08,OP,266.97
E548907,P00140,2024-07-30,ED,3353.11
E166393,P00141,2024-08-15,OP,7607.71
E670906,P00141,2024-05-03,ED,5317.84
E693541,P00142,2024-03-23,IP,1146.19
E320906,P00143,2024-05-05,IP,1107.77
E545193,P00143,2024-04-07,IP,2426.84
E418519,P00143,2024-07-07,IP,3160.58
E987645,P00143,2024-07-17,LAB,1296.06
E621921,P00144,2024-05-06,IP,2534.98
E534506,P00144,2024-07-26,IP,1242.89
E932564,P00145,2024-04-22,ED,8436.58
E837553,P00145,2024-04-07,OP,7424.84
E735753,P00145,2024-08-25,LAB,5522.86
E291030,P00146,2024-04-09,OP,5345.39
E433381,P00146,2024-03-07,LAB,2649.48
E355256,P00146,2024-05-11,LAB,5958.57
E475395,P00147,2024-05-19,LAB,2078.03
E334997,P00148,2024-06-27,IP,4011.04
E705782,P00148,2024-05-05,ED,3496.29
E709450,P00148,2024-07-13,LAB,874.54
E270266,P00148,2024-03-24,IP,2085.29
E820495,P00149,2024-06-16,LAB,8041.45
E855785,P00150,2024-03-19,OP,1687.5
E924042,P00150,2024-07-27,LAB,6378.74
E755284,P00150,2024-05-23,OP,7075.59
E566956,P00150,2024-04-23,OP,4454.97
E698674,P00151,2024-04-30,ED,1422.82
E394155,P00151,2024-05-10,IP,3209.85
E994889,P00151,2024-05-15,IP,5831.07
E417230,P00152,2024-07-01,OP,1945.38
E985640,P00152,2024-03-26,OP,895.31
E110458,P00152,2024-05-10,ED,840.01
E955315,P00152,2024-07-19,LAB,7372.34
E558051,P00153,2024-07-09,LAB,3815.96
E615640,P00153,2024-05-03,IP,1751.95
E555157,P00153,2024-05-17,IP,2679.05
E989566,P00154,2024-05-09,IP,2037.92
E921719,P00154,2024-08-17,IP,8213.41
E848052,P00155,2024-08-01,OP,3705.03
E843421,P00156,2024-04-05,IP,988.8
E195582,P00156,2024-05-30,IP,3531.9
E227301,P00156,2024-08-14,OP,8421.49
E123210,P00157,2024-07-08,IP,4758.89
E231664,P00157,2024-08-12,ED,448.52
E986611,P00157,2024-08-17,LAB,1708.73
E856367,P00158,2024-03-19,OP,3984.43
E686926,P00158,2024-05-25,ED,6113.22
E331011,P00159,2024-05-20,LAB,4214.52
E877756,P00159,2024-06-05,ED,5784.73
E511477,P00159,2024-03-19,LAB,6806.17
E162191,P00160,2024-05-18,IP,2083.33
E286646,P00160,2024-03-19,IP,2199.2
E491673,P00161,2024-08-20,OP,7267.88
E150324,P00162,2024-07-04,ED,3397.46
E384088,P00162,2024-06-01,IP,2578.75
E235853,P00162,2024-05-15,ED,754.39
E992188,P00163,2024-04-19,IP,5786.76
E531122,P00163,2024-06-04,OP,6195.38
E867421,P00163,2024-03-19,ED,2709.25
E262677,P00163,2024-07-19,IP,6451.85
E993985,P00164,2024-03-13,OP,396.93
E248097,P00164,2024-04-23,ED,7865.97
E822723,P00164,2024-05-04,OP,3043.13
E878323,P00164,2024-05-03,LAB,7361.92
E349945,P00165,2024-05-01,LAB,143.38
E271628,P00165,2024-03-02,ED,7252.95
E861292,P00165,2024-06-21,OP,702.09
E604665,P00166,2024-05-05,ED,5660.91
E816137,P00166,2024-06-01,ED,3484.07
E297592,P00166,2024-06-23,IP,3905.17
E718978,P00166,2024-03-18,ED,8214.47
E519850,P00167,2024-04-02,OP,4601.85
E341555,P00167,2024-03-15,LAB,648.15
E313023,P00167,2024-07-01,ED,1797.57
E473373,P00168,2024-06-01,IP,3158.2
E673472,P00168,2024-07-26,IP,986.45
E665745,P00169,2024-07-24,ED,3797.89
E896738,P00170,2024-04-18,OP,1976.7
E588087,P00170,2024-08-16,LAB,7025.45
E682576,P00170,2024-04-27,LAB,7558.66
E813858,P00171,2024-04-23,LAB,7311.34
E992550,P00172,2024-07-22,OP,4218.95
E876250,P00172,2024-07-15,LAB,3984.49
E942405,P00172,2024-04-17,OP,2930.6
E673479,P00173,2024-07-17,OP,1302.98
E848537,P00173,2024-06-06,ED,3335.08
E516957,P00174,2024-06-10,LAB,8011.38
E318517,P00174,2024-08-22,ED,5795.16
E756779,P00174,2024-08-06,IP,3242.85
E102414,P00175,2024-05-16,LAB,2433.59
E171352,P00176,2024-05-10,IP,2828.16
E751586,P00177,2024-03-03,ED,2047.51
E179574,P00177,2024-08-09,ED,5391.28
E869387,P00177,2024-05-08,OP,1985.53
E887586,P00178,2024-07-10,LAB,4418.38
E244916,P00179,2024-06-18,ED,3298.48
E484421,P00179,2024-04-29,OP,3525.43
E154950,P00179,2024-08-24,IP,2525.73
E513801,P00179,2024-05-09,IP,3277.88
E239866,P00180,2024-06-20,OP,1775.8
E547597,P00180,2024-03-27,LAB,4420.5
E512527,P00181,2024-04-09,OP,6422.92
E497749,P00181,2024-07-31,LAB,5726.35
E778101,P00182,2024-07-08,LAB,5979.74
E241414,P00182,2024-05-04,IP,2280.66
E629333,P00182,2024-03-22,IP,286.57
E457217,P00182,2024-05-05,OP,6389.1
E797993,P00183,2024-04-30,ED,5492.31
E213450,P00183,2024-07-29,OP,1740.43
E132372,P00183,2024-08-26,IP,3991.43
E416778,P00183,2024-03-31,ED,3002.32
E370133,P00184,2024-06-26,LAB,5871.18
E578191,P00184,2024-07-22,ED,6045.24
E425901,P00184,2024-07-11,IP,693.61
E187329,P00185,2024-08-18,OP,2402.03
E619176,P00185,2024-05-05,IP,4457.5
E344958,P00185,2024-06-02,IP,2340.4
E584899,P00186,2024-05-05,IP,3785.78
E617505,P00187,2024-03-07,IP,1807.42
E506988,P00187,2024-07-12,ED,8307.51
E662511,P00187,2024-04-22,IP,3121.71
E583746,P00187,2024-05-19,ED,7669.41
E942090,P00188,2024-07-31,ED,3622.81
E722620,P00188,2024-05-07,OP,5664.72
E325287,P00189,2024-07-19,IP,5778.61
E208888,P00190,2024-03-04,OP,4432.36
E306637,P00190,2024-08-16,OP,3358.23
E728272,P00190,2024-05-20,OP,317.32
E856646,P00190,2024-08-08,IP,2549.66
E993503,P00191,2024-08-13,ED,514.81
E340248,P00191,2024-05-14,ED,1405.64
E684575,P00191,2024-06-26,LAB,1766.3
E798929,P00191,2024-07-05,LAB,7508.86
E616635,P00192,2024-04-06,ED,7148.26
E692242,P00193,2024-04-15,ED,5031.86
E183543,P00193,2024-04-25,IP,4136.7
E324798,P00193,2024-07-19,OP,4285.12
E424343,P00194,2024-05-27,ED,3520.0
E509128,P00194,2024-07-04,ED,2594.7
E338402,P00195,2024-08-17,ED,6680.07
E207111,P00195,2024-03-21,OP,4531.35
E284878,P00195,2024-07-07,IP,2132.56
E774131,P00195,2024-05-07,LAB,5770.93
E723555,P00196,2024-08-22,IP,3723.34
E867374,P00196,2024-07-04,IP,3603.68
E543723,P00196,2024-04-13,OP,695.37
E737197,P00197,2024-04-06,OP,5060.53
E695782,P00197,2024-03-22,IP,7971.68
E874033,P00197,2024-05-13,LAB,882.8
E636627,P00197,2024-08-12,LAB,983.17
E454641,P00198,2024-07-01,LAB,8039.05
E274247,P00198,2024-08-10,LAB,2075.06
E844833,P00198,2024-04-04,ED,3906.16
E156861,P00199,2024-04-17,LAB,188.61
E326158,P00199,2024-04-28,ED,234.73
E983212,P00200,2024-05-29,IP,7661.49
E401883,P00201,2024-07-02,ED,7172.31
E459216,P00202,2024-07-22,LAB,7219.77
E393796,P00202,2024-08-14,LAB,5314.69
E416604,P00203,2024-05-13,LAB,8021.22
E412555,P00204,2024-08-03,ED,7392.25
E149347,P00204,2024-06-28,LAB,4870.85
E308797,P00204,2024-07-05,IP,7822.8
E193437,P00204,2024-05-01,ED,482.09
E296839,P00205,2024-05-01,IP,1949.69
E782568,P00206,2024-05-22,IP,176.26
E974894,P00206,2024-08-06,IP,7001.52
E662122,P00206,2024-03-18,LAB,7113.59
E935465,P00206,2024-04-01,ED,5083.86
E599947,P00207,2024-04-06,OP,2691.32
E603222,P00207,2024-05-09,ED,2566.12
E456094,P00208,2024-04-01,ED,7556.61
E848031,P00209,2024-05-04,IP,4228.51
E723895,P00209,2024-03-07,IP,3049.68
E630108,P00209,2024-08-21,ED,4969.22
E407314,P00209,2024-07-25,LAB,2613.84
E828045,P00210,2024-03-09,ED,6265.31
E826018,P00211,2024-04-19,LAB,8290.94
E637538,P00211,2024-07-06,ED,2452.6
E979488,P00211,2024-08-01,OP,1913.94
E427234,P00211,2024-03-16,OP,6150.92
E221519,P00212,2024-07-19,LAB,8015.8
E115289,P00212,2024-05-10,ED,2568.64
E849169,P00213,2024-06-17,LAB,6291.34
E399534,P00214,2024-03-24,IP,7113.99
E750811,P00214,2024-05-04,ED,6673.24
E824774,P00214,2024-04-07,IP,7633.13
E139517,P00214,2024-05-09,IP,5481.1
E770589,P00215,2024-04-29,ED,5198.61
E578605,P00215,2024-06-18,OP,1047.83
E465474,P00215,2024-08-26,IP,434.04
E291280,P00216,2024-08-17,OP,1173.4
E578339,P00216,2024-08-02,LAB,3748.25
E591778,P00216,2024-07-07,ED,4628.77
E844500,P00216,2024-05-04,ED,7012.31
E724633,P00217,2024-05-27,LAB,2383.75
E503309,P00217,2024-07-20,IP,3095.33
E885804,P00217,2024-04-27,IP,2918.81
E539075,P00217,2024-03-02,OP,2898.27
E441807,P00218,2024-03-20,IP,3697.86
E861540,P00219,2024-06-11,OP,3139.72
E356145,P00219,2024-04-05,LAB,4057.07
E742215,P00219,2024-06-16,LAB,4787.95
E480412,P00219,2024-05-24,LAB,2360.83
E567155,P00220,2024-03-13,OP,847.3
E965805,P00221,2024-04-02,IP,2175.93
E404575,P00221,2024-07-15,IP,5404.59
E406751,P00222,2024-08-12,IP,4541.28
E180019,P00222,2024-03-11,OP,7802.94
E732164,P00222,2024-06-24,ED,3373.35
E642080,P00222,2024-05-17,OP,4769.2
E914521,P00223,2024-08-26,LAB,6297.7
E983858,P00223,2024-08-14,LAB,6569.4
E376038,P00224,2024-05-23,IP,2601.97
E812120,P00225,2024-05-24,OP,414.81
E842130,P00225,2024-06-26,IP,4213.31
E889384,P00225,2024-08-01,OP,7017.36
E343029,P00225,2024-03-07,ED,2660.4
E598435,P00226,2024-03-27,OP,7494.99
E379987,P00226,2024-08-06,OP,6368.15
E325145,P00226,2024-07-03,OP,3355.88
E798436,P00227,2024-04-15,LAB,4135.65
E378467,P00227,2024-08-12,ED,1512.68
E214858,P00227,2024-08-25,LAB,2680.52
E626828,P00228,2024-05-16,IP,1341.68
E211907,P00228,2024-07-14,IP,1336.8
E767288,P00228,2024-04-28,IP,6828.9
E921006,P00229,2024-07-30,LAB,4325.6
E482781,P00229,2024-05-06,OP,1598.14
E428910,P00230,2024-05-29,IP,1477.14
E307798,P00230,2024-07-19,IP,655.78
E523318,P00231,2024-08-01,OP,5578.79
E198326,P00231,2024-08-23,IP,5430.84
E897214,P00231,2024-04-02,LAB,3844.46
E477237,P00231,2024-07-22,ED,4533.77
E435253,P00232,2024-08-24,LAB,4366.91
E638919,P00232,2024-05-16,LAB,2737.55
E847938,P00233,2024-07-21,ED,2116.59
E259522,P00234,2024-03-29,IP,8043.55
E694599,P00234,2024-03-05,OP,4933.39
E368870,P00234,2024-08-05,OP,6604.31
E316157,P00234,2024-05-08,ED,7262.71
E500378,P00235,2024-03-22,LAB,2060.64
E913972,P00236,2024-05-28,IP,6227.78
E492624,P00237,2024-06-10,IP,5930.84
E569096,P00237,2024-05-25,OP,2938.29
E253026,P00237,2024-03-17,OP,6679.1
E280829,P00237,2024-05-23,OP,6800.35
E140041,P00238,2024-05-24,LAB,3323.27
E125251,P00238,2024-08-14,ED,4706.48
E635066,P00238,2024-03-22,LAB,5361.11
E707113,P00239,2024-03-17,ED,5185.35
E831302,P00239,2024-05-04,LAB,1236.14
E679299,P00240,2024-05-26,OP,6533.41
E514938,P00241,2024-03-23,IP,8474.69
E112437,P00241,2024-05-12,IP,4392.04
E289042,P00242,2024-05-08,ED,3491.3
E677453,P00242,2024-07-21,OP,7136.61
E135102,P00242,2024-04-25,LAB,4805.78
E489709,P00242,2024-05-04,IP,1653.13
E981814,P00243,2024-04-28,ED,147.28
E326525,P00244,2024-07-20,IP,279.35
E700687,P00244,2024-03-23,ED,6279.82
E216227,P00244,2024-06-30,ED,7337.61
E382143,P00244,2024-04-23,ED,3697.5
E203503,P00245,2024-06-28,OP,849.26
E276881,P00245,2024-04-02,ED,4312.0
E789714,P00245,2024-07-18,OP,6270.53
E645895,P00246,2024-05-02,ED,5973.39
E204343,P00247,2024-04-24,IP,3875.39
E707083,P00247,2024-03-21,OP,5586.02
E195391,P00247,2024-08-06,OP,3226.39
E859630,P00247,2024-05-10,ED,4491.24
E327410,P00248,2024-06-13,ED,460.06
E395331,P00249,2024-08-11,ED,3021.86
E991581,P00249,2024-03-20,OP,7032.2
E233103,P00249,2024-06-26,IP,5339.96
E360013,P00249,2024-08-03,LAB,1017.06
E531975,P00250,2024-04-01,ED,7200.77
E716248,P00250,2024-07-19,LAB,6369.9
E141430,P00250,2024-07-11,OP,1177.99
E572651,P00251,2024-04-27,OP,2931.37
E190986,P00251,2024-05-30,OP,5447.01
E145583,P00252,2024-05-30,LAB,1135.42
E159397,P00252,2024-06-04,LAB,6342.98
E373949,P00252,2024-07-29,ED,4946.96
E620276,P00252,2024-04-18,OP,6279.98
E397189,P00253,2024-03-03,IP,4056.65
E695472,P00254,2024-06-03,ED,330.12
E274441,P00254,2024-03-16,IP,7303.71
E261317,P00254,2024-06-06,OP,6404.76
E781474,P00254,2024-05-19,LAB,4018.99
E240052,P00255,2024-08-03,OP,5414.79
E822798,P00256,2024-05-07,ED,5371.15
E235077,P00256,2024-04-15,IP,3016.35
E825725,P00256,2024-04-16,LAB,2784.1
E379643,P00257,2024-06-12,LAB,6433.59
E333767,P00257,2024-06-21,IP,4129.78
E897260,P00257,2024-08-14,IP,6290.46
E431248,P00258,2024-05-01,ED,3352.66
E856302,P00258,2024-06-05,LAB,7627.64
E437676,P00258,2024-06-27,OP,4679.08
E532682,P00259,2024-07-10,OP,8404.35
E212296,P00259,2024-04-16,LAB,1313.67
E125820,P00259,2024-04-13,LAB,6511.86
E617474,P00259,2024-08-16,ED,8170.14
E411346,P00260,2024-06-20,LAB,6426.67
E354726,P00260,2024-05-27,ED,928.57
E214777,P00261,2024-03-16,ED,6602.11
E666507,P00261,2024-06-16,LAB,3178.61
E943866,P00262,2024-07-29,IP,7996.22
E926950,P00263,2024-04-26,ED,7333.45
E194540,P00263,2024-07-05,ED,7162.66
E732193,P00263,2024-06-18,OP,4366.72
E430326,P00264,2024-04-20,LAB,7671.2
E137888,P00264,2024-03-29,OP,2428.78
E794951,P00264,2024-04-16,ED,1772.61
E911368,P00264,2024-06-12,OP,2150.3
E256508,P00265,2024-03-18,ED,6606.91
E392240,P00265,2024-05-03,ED,4164.69
E642524,P00266,2024-07-22,ED,2583.49
E614104,P00266,2024-08-11,ED,7245.58
E994902,P00266,2024-08-19,ED,6523.63
E505778,P00267,2024-04-25,ED,4149.82
E107657,P00267,2024-08-14,ED,3401.06
E455491,P00268,2024-03-12,IP,8385.07
E910497,P00268,2024-06-29,OP,2007.85
E910036,P00268,2024-06-06,IP,4160.9
E726645,P00268,2024-08-10,IP,2196.43
E367173,P00269,2024-04-03,ED,2257.52
E995597,P00269,2024-08-19,IP,6216.19
E420970,P00270,2024-07-21,ED,5108.12
E161609,P00271,2024-04-09,ED,6051.58
E701240,P00271,2024-03-24,OP,4240.67
E973373,P00272,2024-06-23,LAB,4917.2
E726959,P00272,2024-07-01,IP,8027.6
E325959,P00273,2024-06-25,OP,2538.67
E905430,P00273,2024-03-14,LAB,1003.62
E577313,P00274,2024-05-24,ED,1710.42
E787734,P00275,2024-05-19,ED,3327.11
E760808,P00275,2024-04-04,OP,810.31
E532349,P00276,2024-04-30,OP,5876.34
E870618,P00276,2024-08-16,OP,8426.16
E264996,P00276,2024-03-05,ED,6362.74
E698335,P00276,2024-08-03,OP,6103.5
E164991,P00277,2024-03-09,ED,6596.08
E846093,P00277,2024-06-19,LAB,197.85
E336406,P00277,2024-03-25,OP,877.75
E773542,P00278,2024-03-23,IP,6886.67
E836858,P00278,2024-03-18,ED,956.03
E544577,P00278,2024-05-21,LAB,4812.66
E650376,P00278,2024-04-12,OP,5835.12
E473891,P00279,2024-04-30,ED,3304.25
E869798,P00279,2024-08-22,LAB,2609.83
E365393,P00279,2024-08-25,ED,6275.7
E156234,P00279,2024-05-15,IP,3672.3
E672566,P00280,2024-05-01,ED,1993.26
E969445,P00280,2024-03-19,LAB,1974.01
E765680,P00280,2024-03-18,IP,2872.94
E312504,P00281,2024-04-23,LAB,4372.8
E602721,P00281,2024-06-26,OP,7001.25
E733943,P00281,2024-03-02,IP,778.62
E831158,P00281,2024-05-24,OP,291.22
E677616,P00282,2024-08-13,LAB,3592.38
E419426,P00283,2024-03-25,OP,4586.58
E785122,P00283,2024-06-20,ED,8351.44
E816208,P00283,2024-08-19,OP,7047.32
E495896,P00284,2024-06-04,IP,5581.32
E370405,P00284,2024-07-29,ED,5288.89
E650515,P00284,2024-03-12,OP,6116.03
E112226,P00284,2024-04-24,IP,5962.96
E801951,P00285,2024-04-23,LAB,5280.65
E862062,P00286,2024-07-15,OP,7890.61
E907163,P00287,2024-06-02,ED,2362.89
E761544,P00287,2024-05-09,OP,1602.35
E284278,P00288,2024-08-05,OP,1643.98
E122501,P00288,2024-08-07,LAB,1991.35
E332517,P00289,2024-06-18,LAB,6511.02
E240124,P00289,2024-05-20,OP,2374.61
E222581,P00289,2024-08-26,LAB,6749.23
E162890,P00290,2024-04-05,OP,3271.14
E901092,P00290,2024-07-08,IP,1210.78
E365901,P00290,2024-07-31,ED,2597.85
E456477,P00290,2024-08-02,OP,5844.98
E294522,P00291,2024-07-13,IP,3088.72
E275165,P00291,2024-08-22,LAB,8385.03
E357205,P00291,2024-05-19,ED,7942.28
E798376,P00291,2024-03-29,LAB,2598.44
E688662,P00292,2024-05-24,IP,4017.4
E295294,P00292,2024-05-23,OP,279.76
E350663,P00292,2024-08-07,LAB,5952.21
E999402,P00292,2024-07-30,ED,2106.36
E772254,P00293,2024-06-16,LAB,4073.47
E723652,P00294,2024-04-06,LAB,8143.89
E635220,P00294,2024-05-22,LAB,7653.26
E225895,P00294,2024-05-13,OP,7415.49
E336064,P00294,2024-08-06,LAB,7254.54
E452103,P00295,2024-03-18,IP,2133.71
E883557,P00296,2024-04-18,LAB,3196.84
E667567,P00296,2024-08-05,IP,3873.48
E397512,P00297,2024-06-10,OP,2361.23
E299170,P00297,2024-03-16,IP,2299.39
E563968,P00298,2024-03-02,ED,6659.58
E364015,P00298,2024-04-01,ED,5498.47
E735179,P00299,2024-03-25,LAB,4839.3
E468272,P00299,2024-08-04,OP,7599.35
E806507,P00300,2024-06-29,ED,7102.41
E683572,P00300,2024-06-07,OP,1460.6
E710346,P00300,2024-04-20,IP,5985.29
E648638,P00300,2024-07-22,ED,1939.56
E923752,P00301,2024-07-28,ED,5723.6
E611583,P00301,2024-06-09,LAB,3517.82
E923261,P00301,2024-08-13,LAB,6888.9
E893128,P00301,2024-04-27,IP,4546.37
E255806,P00302,2024-06-16,LAB,7586.03
E776535,P00302,2024-03-29,ED,5937.15
E770271,P00302,2024-07-15,ED,7803.85
E843552,P00302,2024-05-26,IP,372.96
E273327,P00303,2024-07-19,IP,4423.08
E404013,P00303,2024-05-20,ED,5206.64
E457511,P00304,2024-07-01,LAB,5703.85
E745434,P00304,2024-07-08,IP,655.08
E326036,P00304,2024-04-24,LAB,7960.75
E679151,P00305,2024-03-11,LAB,6038.75
E645239,P00306,2024-07-30,IP,3100.02
E540700,P00307,2024-07-01,ED,3703.94
E556876,P00308,2024-03-03,ED,3418.35
E162083,P00308,2024-04-21,IP,6922.71
E670746,P00308,2024-07-03,OP,5683.86
E187934,P00308,2024-06-19,ED,3273.36
E806539,P00309,2024-07-30,ED,1638.47
E951420,P00309,2024-04-21,ED,8177.04
E873646,P00310,2024-06-27,OP,6965.77
E634833,P00311,2024-08-26,LAB,2159.24
E132781,P00311,2024-05-19,OP,1926.99
E703519,P00311,2024-05-29,OP,2318.69
E739018,P00312,2024-04-06,LAB,3674.6
E396386,P00312,2024-08-26,IP,6460.16
E668230,P00312,2024-06-20,ED,1065.36
E740337,P00313,2024-04-28,LAB,5384.56
E535113,P00313,2024-08-12,IP,7592.02
E153257,P00313,2024-05-11,LAB,5389.91
E234109,P00313,2024-05-17,OP,2164.03
E728719,P00314,2024-06-29,ED,4644.38
E724832,P00314,2024-04-04,IP,137.66
E251455,P00314,2024-04-05,ED,1898.86
E896567,P00315,2024-03-14,IP,4470.67
E321970,P00315,2024-03-28,OP,7470.49
E934805,P00315,2024-08-01,LAB,7530.17
E971865,P00315,2024-04-28,IP,1308.95
E960201,P00316,2024-07-01,ED,5333.36
E338019,P00317,2024-03-17,LAB,1802.49
E478705,P00318,2024-07-03,ED,7331.54
E657479,P00319,2024-03-03,OP,2755.49
E258842,P00320,2024-07-10,LAB,6527.35
E791010,P00320,2024-07-11,LAB,4808.88
E997423,P00320,2024-08-19,ED,5227.95
E358566,P00321,2024-04-25,OP,3969.13
E607174,P00322,2024-07-12,LAB,6909.48
E519130,P00322,2024-05-14,ED,7331.17
E835598,P00322,2024-03-29,LAB,4740.64
E789358,P00322,2024-08-09,LAB,1007.91
E189215,P00323,2024-04-18,LAB,3297.08
E691761,P00323,2024-03-03,IP,3490.51
E272832,P00324,2024-03-13,ED,531.3
E268591,P00324,2024-06-30,LAB,3948.47
E391698,P00324,2024-07-16,LAB,5371.45
E829587,P00325,2024-08-01,LAB,8112.09
E428815,P00325,2024-03-13,IP,8077.75
E445727,P00325,2024-08-23,IP,8062.56
E266375,P00326,2024-03-21,ED,7624.01
E733252,P00326,2024-05-14,LAB,7965.99
E751138,P00327,2024-04-09,OP,3443.09
E971376,P00327,2024-06-05,ED,2078.44
E825834,P00327,2024-06-02,OP,7545.52
E603960,P00328,2024-03-10,OP,1400.34
E139578,P00328,2024-07-27,OP,6667.67
E531858,P00329,2024-04-05,OP,5504.6
E117365,P00330,2024-04-06,ED,8481.21
E524905,P00330,2024-04-29,LAB,4245.27
E951963,P00330,2024-03-25,ED,140.24
E295795,P00331,2024-05-31,IP,3801.35
E714138,P00331,2024-05-20,OP,4093.37
E593509,P00331,2024-06-16,ED,2357.19
E965816,P00332,2024-03-24,ED,6271.41
E893430,P00332,2024-05-25,LAB,2906.36
E736229,P00332,2024-07-07,IP,4450.62
E918691,P00333,2024-08-03,IP,839.54
E822218,P00333,2024-03-07,IP,2749.11
E893410,P00333,2024-08-20,ED,5118.02
E860404,P00334,2024-05-18,OP,1391.34
E651290,P00334,2024-05-13,IP,258.87
E339840,P00334,2024-06-18,LAB,3968.24
E515312,P00334,2024-03-25,OP,8375.39
E250489,P00335,2024-07-25,OP,1716.75
E328281,P00335,2024-05-23,OP,5009.71
E185616,P00335,2024-08-06,ED,7749.04
E970517,P00335,2024-04-23,IP,5027.32
E211470,P00336,2024-06-15,OP,713.05
E488114,P00336,2024-03-21,LAB,2646.0
E209748,P00336,2024-05-18,IP,6028.24
E429888,P00336,2024-03-14,ED,5619.97
E946075,P00337,2024-06-30,OP,6154.77
E510928,P00338,2024-06-28,IP,6332.61
E597333,P00338,2024-03-06,ED,1894.98
E784116,P00338,2024-07-12,ED,4567.71
E742708,P00339,2024-04-16,OP,7110.41
E394094,P00340,2024-06-27,IP,2412.18
E500669,P00340,2024-03-14,LAB,5625.85
E495953,P00341,2024-03-31,LAB,5922.82
E859339,P00341,2024-08-24,LAB,7661.17
E697947,P00341,2024-03-06,OP,6069.81
E858187,P00342,2024-08-22,ED,4093.99
E645041,P00343,2024-08-18,ED,6733.7
E150283,P00343,2024-07-07,LAB,3237.67
E942611,P00343,2024-07-31,IP,7761.68
E801757,P00343,2024-05-14,ED,3651.41
E140619,P00344,2024-04-30,LAB,1909.08
E349528,P00344,2024-04-01,IP,1474.05
E331609,P00344,2024-07-28,IP,936.54
E976986,P00344,2024-05-07,ED,151.32
E938855,P00345,2024-08-23,ED,5819.91
E774656,P00345,2024-04-24,IP,2184.29
E255677,P00346,2024-07-03,ED,7367.17
E429706,P00347,2024-06-11,ED,1865.88
E646209,P00348,2024-06-26,IP,2785.81
E246335,P00349,2024-04-30,IP,7749.76
E517096,P00349,2024-04-12,OP,7159.79
E402119,P00349,2024-06-24,LAB,4223.35
E951030,P00350,2024-07-01,OP,6203.68
E542374,P00350,2024-06-13,ED,2821.0
E182965,P00350,2024-08-05,OP,7184.95
E350049,P00351,2024-08-16,ED,973.62
E620621,P00351,2024-04-21,LAB,5699.93
E361708,P00352,2024-03-06,LAB,4165.21
E886179,P00352,2024-03-11,OP,2033.43
E161178,P00352,2024-05-04,OP,6951.2
E189136,P00353,2024-04-12,ED,5336.57
E468517,P00354,2024-04-27,IP,6997.49
E235665,P00354,2024-08-13,IP,6649.34
E970514,P00354,2024-05-23,ED,1381.24
E628547,P00355,2024-03-30,LAB,802.52
E605289,P00355,2024-06-01,ED,3529.25
E456827,P00355,2024-05-05,IP,2388.94
E314527,P00356,2024-03-22,ED,4763.11
E501352,P00357,2024-06-28,OP,5482.67
E957517,P00358,2024-07-31,IP,7515.28
E100163,P00358,2024-05-09,ED,6865.72
E694618,P00358,2024-06-20,IP,3858.8
E668126,P00359,2024-05-09,ED,4576.16
E311520,P00359,2024-03-18,IP,5341.23
E302382,P00359,2024-03-30,LAB,8494.65
E334617,P00360,2024-07-06,ED,4465.78
E849975,P00360,2024-05-19,ED,6559.78
E228590,P00361,2024-07-06,IP,5327.83
E605643,P00361,2024-07-15,OP,5792.21
E935025,P00362,2024-03-18,LAB,8328.17
E637110,P00362,2024-08-02,ED,3905.02
E121720,P00363,2024-07-19,LAB,5204.34
E881176,P00364,2024-03-10,OP,3473.85
E283269,P00364,2024-05-11,ED,3675.86
E307099,P00365,2024-07-31,LAB,2791.64
E705098,P00365,2024-05-08,LAB,4810.02
E821825,P00365,2024-08-13,ED,1943.3
E120251,P00365,2024-06-18,OP,2200.86
E893617,P00366,2024-06-21,IP,2375.07
E394808,P00367,2024-06-09,IP,449.94
E670372,P00367,2024-07-28,IP,2698.61
E890847,P00368,2024-07-15,ED,3028.98
E109389,P00368,2024-04-05,IP,6918.14
E725625,P00368,2024-03-05,ED,7354.47
E676637,P00368,2024-07-04,LAB,7794.68
E916523,P00369,2024-04-22,ED,748.16
E630343,P00370,2024-05-22,OP,7633.39
E555179,P00370,2024-05-19,LAB,4698.7
E344789,P00370,2024-03-10,ED,3264.95
E486979,P00370,2024-07-31,LAB,5824.42
E464550,P00371,2024-05-10,IP,6552.31
E906173,P00371,2024-03-18,ED,5742.15
E835315,P00371,2024-03-12,IP,6072.57
E458032,P00372,2024-07-03,ED,3613.96
E477702,P00372,2024-03-10,LAB,3798.97
E178403,P00372,2024-07-08,LAB,1826.77
E550734,P00373,2024-03-24,LAB,7054.04
E795191,P00373,2024-08-10,LAB,5056.42
E263179,P00374,2024-06-13,ED,4016.49
E641111,P00374,2024-07-18,IP,2120.21
E425932,P00374,2024-03-12,LAB,6571.76
E620064,P00375,2024-06-08,LAB,6943.02
E247588,P00375,2024-08-05,ED,7922.85
E686624,P00376,2024-05-06,OP,3577.66
E815960,P00376,2024-07-27,ED,253.35
E571434,P00377,2024-06-02,OP,3485.0
E973617,P00378,2024-06-05,IP,8358.05
E139396,P00378,2024-03-10,OP,948.72
E764748,P00379,2024-08-04,OP,5876.61
E402305,P00379,2024-07-11,ED,1112.19
E204737,P00380,2024-08-27,LAB,1803.9
E529171,P00380,2024-08-15,IP,3172.99
E193990,P00380,2024-08-09,LAB,679.09
E571859,P00380,2024-05-17,OP,4291.35
E833142,P00381,2024-04-16,ED,7368.74
E903574,P00382,2024-06-02,ED,4116.59
E200129,P00382,2024-03-22,ED,867.44
E576477,P00382,2024-06-12,LAB,1658.92
E701375,P00383,2024-07-15,OP,2808.46
E933967,P00383,2024-04-08,OP,453.5
E275889,P00384,2024-04-15,LAB,5015.35
E394042,P00384,2024-05-20,IP,1053.22
E366306,P00384,2024-06-11,ED,6026.08
E751675,P00384,2024-06-27,IP,2691.45
E109238,P00385,2024-06-08,OP,5387.19
E497131,P00386,2024-05-24,LAB,1814.73
E832694,P00387,2024-03-23,OP,7656.35
E468385,P00387,2024-08-14,ED,7844.76
E896162,P00388,2024-05-12,LAB,8105.27
E838135,P00389,2024-06-16,IP,713.77
E624635,P00389,2024-05-06,OP,2140.55
E354211,P00389,2024-05-09,LAB,8276.7
E436945,P00390,2024-06-23,IP,1567.77
E752468,P00390,2024-03-24,IP,7473.15
E208216,P00391,2024-04-22,LAB,3701.67
E243728,P00391,2024-05-10,IP,3834.48
E563176,P00391,2024-04-08,IP,3673.0
E876641,P00391,2024-07-05,LAB,1515.22
E940190,P00392,2024-05-18,LAB,3869.02
E179469,P00392,2024-08-07,IP,6692.75
E198140,P00393,2024-03-26,IP,6661.06
E127232,P00393,2024-04-30,LAB,6140.12
E852597,P00393,2024-07-29,ED,3348.63
E789730,P00394,2024-06-10,OP,5758.73
E532473,P00394,2024-08-26,ED,4695.89
E707728,P00394,2024-08-26,LAB,3725.16
E410601,P00394,2024-03-02,IP,5103.81
E983474,P00395,2024-08-18,OP,2497.46
E646421,P00395,2024-05-29,LAB,3473.31
E305023,P00396,2024-03-17,OP,3003.18
E859192,P00396,2024-03-21,OP,5914.44
E741503,P00396,2024-03-18,LAB,1266.74
E919485,P00397,2024-03-22,LAB,2240.9
E986323,P00397,2024-05-26,ED,2759.25
E667129,P00397,2024-07-10,ED,7134.74
E248225,P00398,2024-07-22,IP,3787.93
E350772,P00398,2024-08-10,IP,3676.51
E603035,P00398,2024-03-23,LAB,3074.33
E410968,P00398,2024-07-09,ED,6465.49
E615582,P00399,2024-07-14,IP,4182.02
E740978,P00400,2024-04-09,IP,7747.68
E668785,P00400,2024-07-16,IP,288.95
E417308,P00400,2024-04-03,LAB,170.76
E939624,P00400,2024-04-10,ED,944.03
